step,pseudo_target,query_loss,objective,temperature,weight_entropy,max_weight
1,CALB,1.700751543045044,1.6979843378067017,0.2501106560230255,2.767162322998047,0.07476003468036652
2,CALCE,0.07035668939352036,0.06758999824523926,0.25019970536231995,2.766688585281372,0.06780098378658295
3,HNEI,1.8669829368591309,1.864213466644287,0.25027748942375183,2.7695260047912598,0.06571254134178162
4,ISU_ILCC,3.806852340698242,3.804082155227661,0.25036782026290894,2.770218849182129,0.06550733000040054
5,MATR,0.22258684039115906,0.2198149412870407,0.2504642605781555,2.7718923091888428,0.06560797989368439
6,MICH,0.6317687034606934,0.6289973855018616,0.2504804730415344,2.7713465690612793,0.06453531980514526
7,MICH_EXP,2.4017601013183594,2.3989884853363037,0.2504536509513855,2.7715911865234375,0.06453379988670349
8,NA-ion,2.9992408752441406,2.996469259262085,0.2504029870033264,2.7716662883758545,0.06527851521968842
9,RWTH,0.03097713179886341,0.028206264600157738,0.2503577470779419,2.770866870880127,0.06555701792240143
10,SDU,0.6230936050415039,0.6203232407569885,0.25031253695487976,2.770354747772217,0.0650305449962616
11,SNL,2.2021031379699707,2.1993324756622314,0.2502780854701996,2.770575523376465,0.06475591659545898
12,Stanford,0.06598207354545593,0.0632123053073883,0.2502468526363373,2.7697718143463135,0.06541503965854645
13,Stanford_2,0.2683962285518646,0.2656262516975403,0.2502343952655792,2.7699663639068604,0.06541725248098373
14,Tongji,1.4594476222991943,1.456676721572876,0.25020670890808105,2.7709178924560547,0.06506172567605972
15,UL_PUR,2.2942798137664795,2.291510820388794,0.25016453862190247,2.768918991088867,0.06601817160844803
16,XJTU,1.9791276454925537,1.9763579368591309,0.2501091957092285,2.7697463035583496,0.06526714563369751
17,ZN-coin,1.9593636989593506,1.9565919637680054,0.2500561475753784,2.771772623062134,0.06733418256044388
18,CALB,1.3738203048706055,1.3710497617721558,0.25000181794166565,2.770528793334961,0.07369373738765717
19,CALCE,0.05588969588279724,0.05312153324484825,0.2499546855688095,2.7681615352630615,0.06812627613544464
20,HNEI,1.671292781829834,1.668524146080017,0.24989287555217743,2.7686409950256348,0.06587288528680801
21,ISU_ILCC,0.9388983249664307,0.9361302256584167,0.24984179437160492,2.7680892944335938,0.06703153252601624
22,MATR,0.2513498067855835,0.24858033657073975,0.24981960654258728,2.7694647312164307,0.06686357408761978
23,MICH,0.5920594334602356,0.5892934203147888,0.24977262318134308,2.766023635864258,0.06643050163984299
24,MICH_EXP,2.228358507156372,2.2255921363830566,0.24971288442611694,2.766395092010498,0.06630506366491318
25,NA-ion,2.410627841949463,2.407862424850464,0.2496330887079239,2.765343189239502,0.06751794368028641
26,RWTH,0.05417941138148308,0.051413167268037796,0.24956271052360535,2.766242504119873,0.06845740973949432
27,SDU,0.49884161353111267,0.4960806965827942,0.24950011074543,2.760928153991699,0.06755247712135315
28,SNL,1.6362444162368774,1.6334806680679321,0.2494528889656067,2.7637996673583984,0.06716859340667725
29,Stanford,0.07210919260978699,0.06934929639101028,0.24941034615039825,2.759894847869873,0.06820445507764816
30,Stanford_2,0.09379298985004425,0.09103363007307053,0.2493804395198822,2.759361982345581,0.07026835530996323
31,Tongji,0.9704476594924927,0.96768718957901,0.24931924045085907,2.760490894317627,0.06863745301961899
32,UL_PUR,3.016580104827881,3.013827323913574,0.2492358237504959,2.7528862953186035,0.07111214846372604
33,XJTU,1.8997249603271484,1.8969719409942627,0.24913856387138367,2.7529823780059814,0.07017955183982849
34,ZN-coin,1.9110788106918335,1.908312439918518,0.24905098974704742,2.7663321495056152,0.07432867586612701
35,CALB,1.4336297512054443,1.430876612663269,0.24896453320980072,2.753138303756714,0.10141889750957489
36,CALCE,0.07431430369615555,0.07157008349895477,0.24889244139194489,2.7442173957824707,0.08586859703063965
37,HNEI,1.6522223949432373,1.6494759321212769,0.24881069362163544,2.7465109825134277,0.07159333676099777
38,ISU_ILCC,1.6944085359573364,1.6916652917861938,0.24872641265392303,2.7432913780212402,0.08068553358316422
39,MATR,0.4350346326828003,0.4322974681854248,0.24867132306098938,2.7371647357940674,0.07772243767976761
40,MICH,0.5731642246246338,0.5704402923583984,0.24860025942325592,2.7239434719085693,0.0762224793434143
41,MICH_EXP,2.2882072925567627,2.2854809761047363,0.24850939214229584,2.726270914077759,0.07670409977436066
42,NA-ion,2.366374969482422,2.363675594329834,0.24840059876441956,2.699267864227295,0.08456140756607056
43,RWTH,0.06300869584083557,0.06027929112315178,0.24829725921154022,2.729404926300049,0.10039573162794113
44,SDU,0.33082398772239685,0.32811668515205383,0.24821072816848755,2.7073004245758057,0.08408882468938828
45,SNL,2.355729341506958,2.352980852127075,0.2481342852115631,2.7484383583068848,0.08085381239652634
46,Stanford,0.07533688843250275,0.0726228803396225,0.24806518852710724,2.714010238647461,0.10377093404531479
47,Stanford_2,0.11864496767520905,0.11593465507030487,0.24800729751586914,2.7103137969970703,0.11297467350959778
48,Tongji,0.939139723777771,0.9364373087882996,0.2479253113269806,2.7024295330047607,0.09155824780464172
49,UL_PUR,1.6755597591400146,1.67293381690979,0.24782216548919678,2.62595272064209,0.10849622637033463
50,XJTU,0.7507402896881104,0.7481542825698853,0.24770137667655945,2.585979700088501,0.11055601388216019
51,ZN-coin,2.220135450363159,2.217425584793091,0.24758918583393097,2.709773540496826,0.12111780792474747
52,CALB,1.7740134000778198,1.771388053894043,0.24746467173099518,2.625385284423828,0.12992733716964722
53,CALCE,0.06880764663219452,0.06636733561754227,0.24736423790454865,2.440309524536133,0.21623343229293823
54,HNEI,1.5422184467315674,1.539553165435791,0.24724696576595306,2.665271759033203,0.09285009652376175
55,ISU_ILCC,0.4675332307815552,0.46505609154701233,0.24712297320365906,2.477128505706787,0.20867842435836792
56,MATR,0.7282419204711914,0.725645899772644,0.2470419704914093,2.5960028171539307,0.10476129502058029
57,MICH,0.4447658360004425,0.4421786665916443,0.246951162815094,2.5871548652648926,0.09893034398555756
58,MICH_EXP,2.0842742919921875,2.081676483154297,0.24684487283229828,2.5977437496185303,0.09831689298152924
59,NA-ion,2.2615599632263184,2.259007215499878,0.2467333823442459,2.5526480674743652,0.10203798115253448
60,RWTH,0.11963379383087158,0.11708807200193405,0.24662168323993683,2.5457229614257812,0.1902768611907959
61,SDU,0.5959721207618713,0.593366801738739,0.24652644991874695,2.6052961349487305,0.10378947108983994
62,SNL,2.065720796585083,2.0630311965942383,0.2464503049850464,2.6896471977233887,0.09529014676809311
63,Stanford,0.056577958166599274,0.054025255143642426,0.24639073014259338,2.5527048110961914,0.1881290078163147
64,Stanford_2,0.425180047750473,0.42259618639945984,0.2463071346282959,2.583862066268921,0.17850565910339355
65,Tongji,0.8735203742980957,0.870993435382843,0.24621672928333282,2.5269265174865723,0.11255573481321335
66,UL_PUR,2.7998056411743164,2.7973499298095703,0.24610866606235504,2.455753803253174,0.12387595325708389
67,XJTU,0.6379455327987671,0.6355401873588562,0.24599720537662506,2.4053237438201904,0.12834303081035614
68,ZN-coin,2.2118396759033203,2.2093842029571533,0.2459067851305008,2.4554355144500732,0.2177770435810089
69,CALB,1.7156118154525757,1.7130203247070312,0.24581700563430786,2.591451406478882,0.22428488731384277
70,CALCE,0.05551518499851227,0.05330129712820053,0.2457418143749237,2.213886022567749,0.22681918740272522
71,HNEI,1.372196912765503,1.369563341140747,0.24564790725708008,2.633622169494629,0.13076560199260712
72,ISU_ILCC,3.695307731628418,3.6930971145629883,0.245527982711792,2.2106237411499023,0.23549605906009674
73,MATR,0.6413914561271667,0.6390101909637451,0.24545052647590637,2.381237030029297,0.1511780321598053
74,MICH,0.4269360899925232,0.424522340297699,0.24536088109016418,2.4137377738952637,0.14727701246738434
75,MICH_EXP,1.2281405925750732,1.2257187366485596,0.24526329338550568,2.4218218326568604,0.1372855007648468
76,NA-ion,1.9362812042236328,1.9339267015457153,0.2451610416173935,2.354560375213623,0.13310323655605316
77,RWTH,0.2140188366174698,0.21170878410339355,0.24505576491355896,2.3100478649139404,0.231347918510437
78,SDU,0.5045140981674194,0.5019101500511169,0.2449706643819809,2.6039578914642334,0.11842016875743866
79,SNL,2.7966556549072266,2.793928861618042,0.24489112198352814,2.7267112731933594,0.11198470741510391
80,Stanford,0.18802644312381744,0.18551456928253174,0.2448015958070755,2.5118701457977295,0.1720961481332779
81,Stanford_2,0.1267033815383911,0.12418922036886215,0.24471114575862885,2.5141587257385254,0.18013249337673187
82,Tongji,0.79091876745224,0.7883462309837341,0.2446098029613495,2.5725135803222656,0.12101951241493225
83,UL_PUR,2.360294818878174,2.357861042022705,0.24449627101421356,2.4338951110839844,0.13928668200969696
84,XJTU,0.8262147903442383,0.8237677216529846,0.24436698853969574,2.447094440460205,0.13313840329647064
85,ZN-coin,1.44748055934906,1.4448872804641724,0.24424366652965546,2.593329906463623,0.19476912915706635
86,CALB,1.8341511487960815,1.8315972089767456,0.24411985278129578,2.553990602493286,0.1330694556236267
87,CALCE,0.058241166174411774,0.05585766211152077,0.24400441348552704,2.3835043907165527,0.17648492753505707
88,HNEI,1.1234691143035889,1.1209347248077393,0.2438732087612152,2.5343804359436035,0.12004895508289337
89,ISU_ILCC,2.948411464691162,2.9461452960968018,0.24372562766075134,2.2661266326904297,0.21209919452667236
90,MATR,0.5912482142448425,0.5888057947158813,0.24361173808574677,2.442413806915283,0.15972988307476044
91,MICH,0.3346768915653229,0.33234456181526184,0.24349093437194824,2.3323256969451904,0.1819252073764801
92,MICH_EXP,1.533072590827942,1.5307952165603638,0.24336862564086914,2.2774159908294678,0.16214044392108917
93,NA-ion,1.7604753971099854,1.7582032680511475,0.2432413101196289,2.27217960357666,0.15875068306922913
94,RWTH,0.18740227818489075,0.18524010479450226,0.24312686920166016,2.162175416946411,0.2566957473754883
95,SDU,0.8242095708847046,0.8215553164482117,0.24303105473518372,2.6542296409606934,0.10326746851205826
96,SNL,2.3859024047851562,2.3833744525909424,0.24292492866516113,2.5280046463012695,0.16357669234275818
97,Stanford,0.16638584434986115,0.1638769656419754,0.2428210973739624,2.508880138397217,0.18988007307052612
98,Stanford_2,0.5998619794845581,0.5973095297813416,0.2427128553390503,2.5524370670318604,0.17439156770706177
99,Tongji,1.0046846866607666,1.002004623413086,0.24261289834976196,2.6800761222839355,0.11742667108774185
100,UL_PUR,2.274440288543701,2.2721266746520996,0.24250559508800507,2.313513994216919,0.17298439145088196
101,XJTU,0.6023476123809814,0.5999752879142761,0.2423895299434662,2.37233829498291,0.15365862846374512
102,ZN-coin,1.0921683311462402,1.0897271633148193,0.24229134619235992,2.4411885738372803,0.282879114151001
103,CALB,1.848189353942871,1.84561026096344,0.24218754470348358,2.579127073287964,0.14493300020694733
104,CALCE,0.10044925659894943,0.09817452728748322,0.2420911341905594,2.274728775024414,0.2122168391942978
105,HNEI,1.059282898902893,1.0567591190338135,0.24198392033576965,2.523786783218384,0.12391787767410278
106,ISU_ILCC,2.114189624786377,2.1119444370269775,0.2418699860572815,2.2451610565185547,0.215037003159523
107,MATR,0.9645441174507141,0.9620482921600342,0.24178026616573334,2.4958176612854004,0.15426169335842133
108,MICH,0.42112430930137634,0.41872456669807434,0.24168242514133453,2.399749755859375,0.13593731820583344
109,MICH_EXP,1.9002209901809692,1.8977618217468262,0.2415778487920761,2.459183692932129,0.143144890666008
110,NA-ion,1.8345516920089722,1.8321900367736816,0.2414693981409073,2.3616409301757812,0.14236386120319366
111,RWTH,0.2047099620103836,0.20249348878860474,0.2413625717163086,2.216480255126953,0.23782005906105042
112,SDU,0.980739414691925,0.9780541062355042,0.24127930402755737,2.685335397720337,0.10932858288288116
113,SNL,1.825085163116455,1.8223625421524048,0.24120038747787476,2.722667694091797,0.10224204510450363
114,Stanford,0.16854842007160187,0.16625015437602997,0.24112144112586975,2.298264980316162,0.19933563470840454
115,Stanford_2,0.5132700800895691,0.5109314322471619,0.2410295158624649,2.338639974594116,0.19181235134601593
116,Tongji,0.7083958387374878,0.7058584094047546,0.24093501269817352,2.537412166595459,0.13211405277252197
117,UL_PUR,1.4618719816207886,1.4595301151275635,0.24082650244235992,2.3419129848480225,0.1680653691291809
118,XJTU,0.7787772417068481,0.7765870094299316,0.24071364104747772,2.1902518272399902,0.19200903177261353
119,ZN-coin,1.5424864292144775,1.5401901006698608,0.24062395095825195,2.2963106632232666,0.362707257270813
120,CALB,1.6745049953460693,1.6720751523971558,0.24052609503269196,2.429849624633789,0.1455872654914856
121,CALCE,0.03325875476002693,0.031060973182320595,0.2404399812221527,2.1977810859680176,0.18189820647239685
122,HNEI,1.2317161560058594,1.2292550802230835,0.24033883213996887,2.461055278778076,0.13902725279331207
123,ISU_ILCC,0.21868588030338287,0.21653419733047485,0.24023838341236115,2.1516761779785156,0.19404222071170807
124,MATR,0.4452352523803711,0.4427725672721863,0.2401580661535263,2.462679386138916,0.2058139145374298
125,MICH,0.2993466258049011,0.29710298776626587,0.2400713711977005,2.243635654449463,0.1760563850402832
126,MICH_EXP,1.2345753908157349,1.2323052883148193,0.23997047543525696,2.2701256275177,0.17033985257148743
127,NA-ion,1.8442184925079346,1.8420830965042114,0.23985859751701355,2.1353821754455566,0.17854058742523193
128,RWTH,0.191878080368042,0.18973521888256073,0.23975831270217896,2.142857551574707,0.2014482468366623
129,SDU,0.6594595313072205,0.6568243503570557,0.2396591156721115,2.6351828575134277,0.11709098517894745
130,SNL,1.5493741035461426,1.546962022781372,0.23957671225070953,2.4120259284973145,0.17768427729606628
131,Stanford,0.12750795483589172,0.12527939677238464,0.23949593305587769,2.228555202484131,0.19136974215507507
132,Stanford_2,0.48195135593414307,0.4796893894672394,0.23941463232040405,2.261953115463257,0.16843993961811066
133,Tongji,0.528307318687439,0.5258074998855591,0.23932795226573944,2.4998064041137695,0.14287781715393066
134,UL_PUR,2.117766857147217,2.115767240524292,0.23923678696155548,1.9997354745864868,0.18861472606658936
135,XJTU,0.8399776220321655,0.837892472743988,0.2391376793384552,2.0851657390594482,0.1804068386554718
136,ZN-coin,1.288806438446045,1.286474347114563,0.2390485256910324,2.3321478366851807,0.3192535638809204
137,CALB,2.0282320976257324,2.025914192199707,0.23896047472953796,2.317800998687744,0.16287556290626526
138,CALCE,0.180307999253273,0.17818337678909302,0.23887178301811218,2.124626398086548,0.19901148974895477
139,HNEI,1.0895079374313354,1.087448239326477,0.2387835830450058,2.059737205505371,0.17587891221046448
140,ISU_ILCC,2.592503786087036,2.590376615524292,0.23869381844997406,2.1270692348480225,0.1975233107805252
141,MATR,0.7394734025001526,0.7370194792747498,0.2386189103126526,2.45394229888916,0.2836887836456299
142,MICH,0.2992843985557556,0.29714325070381165,0.2385380119085312,2.1411445140838623,0.19756056368350983
143,MICH_EXP,1.5909335613250732,1.5887870788574219,0.23845097422599792,2.1464295387268066,0.18540319800376892
144,NA-ion,1.6395151615142822,1.637436032295227,0.23836202919483185,2.0791640281677246,0.17352937161922455
145,RWTH,0.29160818457603455,0.2894018292427063,0.23827363550662994,2.206357955932617,0.18732495605945587
146,SDU,1.04020357131958,1.0376865863800049,0.23819147050380707,2.517009735107422,0.14215153455734253
147,SNL,1.6263933181762695,1.6240988969802856,0.23812218010425568,2.294390916824341,0.1748282015323639
148,Stanford,0.18109092116355896,0.17879720032215118,0.23805195093154907,2.293720006942749,0.1903456151485443
149,Stanford_2,0.640936017036438,0.6386450529098511,0.2379792332649231,2.2909743785858154,0.19183337688446045
150,Tongji,0.7583813667297363,0.7560150027275085,0.23789705336093903,2.3663830757141113,0.14684371650218964
151,UL_PUR,1.5875173807144165,1.5855145454406738,0.2378111630678177,2.0028934478759766,0.17359644174575806
152,XJTU,0.8047914505004883,0.802750825881958,0.23772065341472626,2.0406510829925537,0.17208527028560638
153,ZN-coin,1.7260116338729858,1.7237918376922607,0.23765626549720764,2.2198383808135986,0.27430713176727295
154,CALB,1.7796711921691895,1.7773720026016235,0.23759427666664124,2.2992477416992188,0.14394710958003998
155,CALCE,0.029442794620990753,0.02724383771419525,0.23753808438777924,2.1989574432373047,0.17765769362449646
156,HNEI,0.9538993835449219,0.9518823027610779,0.23747321963310242,2.0170977115631104,0.18890973925590515
157,ISU_ILCC,3.7232160568237305,3.7209651470184326,0.23740538954734802,2.2509543895721436,0.16198740899562836
158,MATR,0.9328547716140747,0.9304083585739136,0.23734503984451294,2.4464364051818848,0.1929011344909668
159,MICH,0.35900571942329407,0.35688942670822144,0.2372744381427765,2.116283416748047,0.19870659708976746
160,MICH_EXP,0.8955478072166443,0.8934224843978882,0.23719018697738647,2.1253433227539062,0.19442011415958405
161,NA-ion,1.628360629081726,1.6263186931610107,0.23709964752197266,2.041985511779785,0.1794889122247696
162,RWTH,0.2845785617828369,0.28234490752220154,0.23701126873493195,2.2336411476135254,0.17167429625988007
163,SDU,0.677071213722229,0.6746994853019714,0.23693528771400452,2.371744394302368,0.1699320375919342
164,SNL,2.125030517578125,2.1225478649139404,0.23686093091964722,2.4826183319091797,0.15328440070152283
165,Stanford,0.23290801048278809,0.2306755781173706,0.23678134381771088,2.2324304580688477,0.22304095327854156
166,Stanford_2,0.9277938604354858,0.9255650639533997,0.23669475317001343,2.2287731170654297,0.20375250279903412
167,Tongji,0.5183765888214111,0.5159367918968201,0.2365938127040863,2.4397871494293213,0.13710802793502808
168,UL_PUR,0.9737672805786133,0.9718498587608337,0.2364923357963562,1.917422890663147,0.1917312890291214
169,XJTU,0.5227598547935486,0.5208027958869934,0.2363937944173813,1.9570811986923218,0.18778567016124725
170,ZN-coin,1.490168809890747,1.487910509109497,0.23629984259605408,2.2582712173461914,0.2001098245382309
171,CALB,1.9362508058547974,1.9340835809707642,0.2362029254436493,2.167186737060547,0.20085269212722778
172,CALCE,0.04496168717741966,0.042967040091753006,0.23611599206924438,1.994645595550537,0.2451133131980896
173,HNEI,0.9019443988800049,0.8999519944190979,0.23603127896785736,1.992410659790039,0.1693883091211319
174,ISU_ILCC,2.069775342941284,2.067798137664795,0.23594558238983154,1.977229356765747,0.25217100977897644
175,MATR,0.368240088224411,0.3658317029476166,0.2358611673116684,2.408389091491699,0.2898664176464081
176,MICH,0.2016555815935135,0.19959105551242828,0.23577375710010529,2.0645272731781006,0.20744819939136505
177,MICH_EXP,0.7126773595809937,0.7105584144592285,0.23568107187747955,2.118931770324707,0.19542472064495087
178,NA-ion,1.9687210321426392,1.9666160345077515,0.2355842888355255,2.105008602142334,0.16647347807884216
179,RWTH,0.3417414426803589,0.3395642340183258,0.23549646139144897,2.1772031784057617,0.22111013531684875
180,SDU,0.4395914077758789,0.43699395656585693,0.23541884124279022,2.597438335418701,0.13078691065311432
181,SNL,1.1185966730117798,1.1160037517547607,0.23535743355751038,2.5929322242736816,0.12715408205986023
182,Stanford,0.12181583046913147,0.11948537826538086,0.23529741168022156,2.330451011657715,0.1870497465133667
183,Stanford_2,0.4880697429180145,0.4857877194881439,0.23523566126823425,2.2820143699645996,0.18087971210479736
184,Tongji,0.9128926396369934,0.9105885028839111,0.23516257107257843,2.304112434387207,0.15722908079624176
185,UL_PUR,1.8630493879318237,1.8609718084335327,0.23508252203464508,2.07761812210083,0.16809846460819244
186,XJTU,0.5549209713935852,0.5528305172920227,0.2349950671195984,2.090430736541748,0.1682756245136261
187,ZN-coin,2.036710262298584,2.0343286991119385,0.23491543531417847,2.38153338432312,0.1552557796239853
188,CALB,1.9116425514221191,1.9094525575637817,0.23483580350875854,2.190047264099121,0.19665071368217468
189,CALCE,0.18246114253997803,0.18028610944747925,0.23476053774356842,2.175039291381836,0.16540321707725525
190,HNEI,0.9706582427024841,0.9686275720596313,0.23468342423439026,2.030688524246216,0.17225167155265808
191,ISU_ILCC,2.025228500366211,2.023094892501831,0.23460222780704498,2.1335902214050293,0.18572752177715302
192,MATR,0.7222069501876831,0.7197620272636414,0.2345864325761795,2.4449105262756348,0.16012713313102722
193,MICH,0.21963495016098022,0.21767371892929077,0.23456496000289917,1.9612293243408203,0.19272902607917786
194,MICH_EXP,0.9971916675567627,0.9951532483100891,0.23453643918037415,2.038421630859375,0.1850142627954483
195,NA-ion,1.331054925918579,1.3290224075317383,0.23450002074241638,2.032482624053955,0.17360500991344452
196,RWTH,0.3589099943637848,0.3566242754459381,0.23445303738117218,2.2857167720794678,0.15670402348041534
197,SDU,1.0655279159545898,1.0629962682724,0.23441745340824127,2.5316765308380127,0.13586650788784027
198,SNL,1.373032808303833,1.3705432415008545,0.23438005149364471,2.489586353302002,0.11569096148014069
199,Stanford,0.32858461141586304,0.3261297941207886,0.23432496190071106,2.454805374145508,0.1466539204120636
200,Stanford_2,0.4521183967590332,0.4497164189815521,0.23426340520381927,2.4019906520843506,0.1411377340555191
201,Tongji,1.316489815711975,1.3139327764511108,0.2341891974210739,2.5570151805877686,0.13510972261428833
202,UL_PUR,1.0522100925445557,1.0500760078430176,0.23411241173744202,2.134134292602539,0.16654357314109802
203,XJTU,0.3232586681842804,0.3210705816745758,0.23402860760688782,2.188087224960327,0.1615799218416214
204,ZN-coin,2.064703941345215,2.0623655319213867,0.23395511507987976,2.338386058807373,0.18051792681217194
205,CALB,2.1034131050109863,2.101123571395874,0.2338811755180359,2.289646625518799,0.1452551633119583
206,CALCE,0.06538490206003189,0.06305976957082748,0.23381052911281586,2.325131416320801,0.14035704731941223
207,HNEI,0.8251054286956787,0.8230289220809937,0.23373472690582275,2.076504945755005,0.16001877188682556
208,ISU_ILCC,1.2144179344177246,1.2121654748916626,0.23365344107151031,2.2525062561035156,0.14554737508296967
209,MATR,0.6489332318305969,0.6465237736701965,0.23356889188289642,2.4094741344451904,0.13861367106437683
210,MICH,0.4731103777885437,0.4710921049118042,0.23348180949687958,2.018259048461914,0.18637362122535706
211,MICH_EXP,1.2695742845535278,1.2675455808639526,0.2333933562040329,2.028754711151123,0.17581838369369507
212,NA-ion,1.654302954673767,1.6522886753082275,0.23330581188201904,2.0142555236816406,0.1764095574617386
213,RWTH,0.3634207546710968,0.3612067699432373,0.23321397602558136,2.2139830589294434,0.1608763337135315
214,SDU,0.5431184768676758,0.5406625866889954,0.2331300526857376,2.455895185470581,0.1542460173368454
215,SNL,1.3121156692504883,1.3095694780349731,0.2330474555492401,2.546159267425537,0.12431088835000992
216,Stanford,0.14151914417743683,0.13928669691085815,0.2329719364643097,2.2324438095092773,0.17474566400051117
217,Stanford_2,0.6143502593040466,0.6121540069580078,0.2329002171754837,2.1962780952453613,0.16547800600528717
218,Tongji,0.787142813205719,0.7850341796875,0.23282390832901,2.1086132526397705,0.17503276467323303
219,UL_PUR,1.225647211074829,1.2236931324005127,0.232748344540596,1.9540237188339233,0.17656932771205902
220,XJTU,0.3608395457267761,0.3588827848434448,0.2326764166355133,1.9567551612854004,0.1754884570837021
221,ZN-coin,1.3178627490997314,1.3156055212020874,0.23261860013008118,2.2572154998779297,0.22172151505947113
222,CALB,1.7498594522476196,1.7477056980133057,0.2325611561536789,2.153798818588257,0.17211194336414337
223,CALCE,0.17349094152450562,0.17133846879005432,0.23250100016593933,2.152475595474243,0.1694074124097824
224,HNEI,0.793453574180603,0.7915242314338684,0.2324422150850296,1.9293591976165771,0.17390505969524384
225,ISU_ILCC,2.886486053466797,2.8843235969543457,0.23238103091716766,2.1624557971954346,0.17022301256656647
226,MATR,1.2230108976364136,1.220749020576477,0.23230555653572083,2.2618415355682373,0.1851041316986084
227,MICH,0.3883911967277527,0.3864780366420746,0.23223420977592468,1.9131648540496826,0.19510751962661743
228,MICH_EXP,1.2901257276535034,1.288206934928894,0.2321651428937912,1.91878342628479,0.18722620606422424
229,NA-ion,1.377027988433838,1.3751155138015747,0.2320987731218338,1.912503719329834,0.18093352019786835
230,RWTH,0.3981130123138428,0.39598873257637024,0.23202915489673615,2.1242733001708984,0.1873554140329361
231,SDU,0.3249099850654602,0.3224424719810486,0.23197312653064728,2.467522144317627,0.15649142861366272
232,SNL,0.241745263338089,0.23912110924720764,0.23192988336086273,2.624148368835449,0.13942472636699677
233,Stanford,0.24629034101963043,0.24415931105613708,0.2318868190050125,2.1310367584228516,0.24380289018154144
234,Stanford_2,0.5159764289855957,0.5139089822769165,0.23184995353221893,2.067439556121826,0.2304801493883133
235,Tongji,0.46621888875961304,0.4642016589641571,0.23181098699569702,2.017218589782715,0.17004655301570892
236,UL_PUR,1.1758450269699097,1.1738306283950806,0.231767475605011,2.0144336223602295,0.17087030410766602
237,XJTU,0.38861915469169617,0.3866488039493561,0.23172153532505035,1.9703395366668701,0.16742776334285736
238,ZN-coin,1.4634032249450684,1.4611464738845825,0.2316913604736328,2.2567107677459717,0.24831026792526245
239,CALB,1.426987886428833,1.4248512983322144,0.23166023194789886,2.136592149734497,0.19029340147972107
240,CALCE,0.303371399641037,0.30121728777885437,0.23162487149238586,2.154111623764038,0.18888188898563385
241,HNEI,0.8086808919906616,0.8066701292991638,0.23158571124076843,2.0107674598693848,0.17095568776130676
242,ISU_ILCC,0.6043151021003723,0.6022918820381165,0.2315436154603958,2.0232462882995605,0.2155759185552597
243,MATR,0.6517549753189087,0.6493666172027588,0.23149505257606506,2.3883352279663086,0.15217021107673645
244,MICH,0.18045052886009216,0.1784946471452713,0.23144492506980896,1.9558861255645752,0.18911197781562805
245,MICH_EXP,1.0017073154449463,0.9997161626815796,0.23139165341854095,1.9911251068115234,0.18085485696792603
246,NA-ion,1.6253633499145508,1.6233936548233032,0.23133613169193268,1.9697132110595703,0.17221933603286743
247,RWTH,0.34348568320274353,0.3413790762424469,0.23127007484436035,2.1066064834594727,0.20376700162887573
248,SDU,0.49906614422798157,0.49658921360969543,0.23120969533920288,2.476935625076294,0.14583322405815125
249,SNL,3.300468921661377,3.2977800369262695,0.23113372921943665,2.6889171600341797,0.11681573837995529
250,Stanford,0.36895662546157837,0.36683616042137146,0.23105674982070923,2.120457410812378,0.195627361536026
251,Stanford_2,0.7859289646148682,0.7838346362113953,0.23097877204418182,2.0943009853363037,0.19825510680675507
252,Tongji,0.48573240637779236,0.4836672842502594,0.23090001940727234,2.0651345252990723,0.18211352825164795
253,UL_PUR,1.2409448623657227,1.239037036895752,0.23082202672958374,1.9077987670898438,0.1897967904806137
254,XJTU,0.46517059206962585,0.4632330536842346,0.23074500262737274,1.9375243186950684,0.18653073906898499
255,ZN-coin,1.257587194442749,1.2552160024642944,0.23068708181381226,2.371230125427246,0.16561615467071533
256,CALB,1.7114031314849854,1.7092243432998657,0.2306293398141861,2.1788296699523926,0.15577468276023865
257,CALCE,0.1168941929936409,0.11473759263753891,0.23057416081428528,2.1565990447998047,0.15479309856891632
258,HNEI,0.7069543600082397,0.704964280128479,0.2305164337158203,1.9900896549224854,0.19231845438480377
259,ISU_ILCC,1.584954023361206,1.5827723741531372,0.23045358061790466,2.181661605834961,0.14777354896068573
260,MATR,1.6166658401489258,1.6144088506698608,0.2303828001022339,2.2569668292999268,0.13431718945503235
261,MICH,0.4086063504219055,0.4067085385322571,0.23031188547611237,1.8978149890899658,0.21664583683013916
262,MICH_EXP,1.0634493827819824,1.061539888381958,0.2302406281232834,1.9094760417938232,0.21023830771446228
263,NA-ion,1.6467218399047852,1.6448254585266113,0.23017029464244843,1.8964154720306396,0.18688242137432098
264,RWTH,0.416312575340271,0.41415733098983765,0.23010064661502838,2.1552321910858154,0.16723446547985077
265,SDU,0.9223567247390747,0.9199221730232239,0.2300318330526352,2.434540271759033,0.14383964240550995
266,SNL,2.5251448154449463,2.5228769779205322,0.22995904088020325,2.267914295196533,0.16294704377651215
267,Stanford,0.4797268509864807,0.4776037335395813,0.22988542914390564,2.123121738433838,0.1850866824388504
268,Stanford_2,0.8115190863609314,0.8093820810317993,0.22981120645999908,2.137007236480713,0.1871107965707779
269,Tongji,0.9011253118515015,0.8990017771720886,0.22973382472991943,2.123537540435791,0.17715322971343994
270,UL_PUR,1.198319673538208,1.1963932514190674,0.22965629398822784,1.9264335632324219,0.19202972948551178
271,XJTU,0.6438324451446533,0.6419238448143005,0.22958020865917206,1.9085955619812012,0.19015973806381226
272,ZN-coin,1.6035311222076416,1.60091233253479,0.22951263189315796,2.6187310218811035,0.14387165009975433
273,CALB,1.1925724744796753,1.190451979637146,0.22945299744606018,2.1204748153686523,0.1872580200433731
274,CALCE,0.21959230303764343,0.2174926996231079,0.229396790266037,2.099597930908203,0.1711188405752182
275,HNEI,0.7408544421195984,0.7388718724250793,0.2293383777141571,1.98258638381958,0.18838360905647278
276,ISU_ILCC,2.2019476890563965,2.1998727321624756,0.22927476465702057,2.075047492980957,0.17974311113357544
277,MATR,0.6132480502128601,0.6108983159065247,0.22918656468391418,2.349740505218506,0.17775127291679382
278,MICH,0.18116140365600586,0.17926594614982605,0.2291034311056137,1.8954510688781738,0.20762652158737183
279,MICH_EXP,1.32735013961792,1.3254603147506714,0.22902323305606842,1.8898110389709473,0.19756156206130981
280,NA-ion,1.2385141849517822,1.2365972995758057,0.22894704341888428,1.9169284105300903,0.18245472013950348
281,RWTH,0.38385671377182007,0.3817936182022095,0.22887060046195984,2.063082218170166,0.1927369236946106
282,SDU,0.8940281867980957,0.8916797041893005,0.22878395020961761,2.3485026359558105,0.1720559298992157
283,SNL,2.3661725521087646,2.3634750843048096,0.22870364785194397,2.697556495666504,0.11198844015598297
284,Stanford,0.21156638860702515,0.20947301387786865,0.22862423956394196,2.0933780670166016,0.21107414364814758
285,Stanford_2,0.6794081926345825,0.6772978901863098,0.2285435050725937,2.110288143157959,0.19195222854614258
286,Tongji,0.04848529398441315,0.04654042050242424,0.2284720242023468,1.9448750019073486,0.2002495974302292
287,UL_PUR,1.0288640260696411,1.0269348621368408,0.2283984124660492,1.9292196035385132,0.20603182911872864
288,XJTU,0.3535915017127991,0.3516744077205658,0.22832994163036346,1.9170830249786377,0.21015720069408417
289,ZN-coin,1.0946553945541382,1.092308759689331,0.22827476263046265,2.346648931503296,0.18319328129291534
290,CALB,1.537397861480713,1.5352108478546143,0.22821636497974396,2.1870086193084717,0.14609640836715698
291,CALCE,0.21955791115760803,0.2173796147108078,0.22815841436386108,2.178297281265259,0.15646301209926605
292,HNEI,0.6928566098213196,0.6908523440361023,0.22809751331806183,2.004251718521118,0.21908843517303467
293,ISU_ILCC,3.569204568862915,3.5669946670532227,0.22803404927253723,2.209973096847534,0.1452881395816803
294,MATR,1.6637742519378662,1.6614748239517212,0.22796906530857086,2.299375057220459,0.1373492330312729
295,MICH,0.318617582321167,0.3167557120323181,0.22789931297302246,1.8618656396865845,0.3021528422832489
296,MICH_EXP,1.1781971454620361,1.1762948036193848,0.22782787680625916,1.9023120403289795,0.28188633918762207
297,NA-ion,1.4490017890930176,1.4470794200897217,0.22775717079639435,1.922379493713379,0.2071809619665146
298,RWTH,0.26737290620803833,0.2651706337928772,0.22768859565258026,2.202272891998291,0.1479732096195221
299,SDU,1.3436471223831177,1.3413939476013184,0.227615088224411,2.2531168460845947,0.15991976857185364
300,SNL,1.126861810684204,1.124645709991455,0.22754129767417908,2.21612548828125,0.1650603860616684
301,Stanford,0.14292088150978088,0.14075498282909393,0.22747129201889038,2.1659023761749268,0.17004308104515076
302,Stanford_2,0.8370662331581116,0.8349315524101257,0.2273993194103241,2.1346821784973145,0.17632970213890076
303,Tongji,0.394176721572876,0.3922067880630493,0.22732701897621155,1.9699232578277588,0.22811123728752136
304,UL_PUR,1.6167800426483154,1.614908218383789,0.22725458443164825,1.871766448020935,0.21162033081054688
305,XJTU,0.31492534279823303,0.31303226947784424,0.22718457877635956,1.8930824995040894,0.19416458904743195
306,ZN-coin,0.8863122463226318,0.8839783072471619,0.2271353304386139,2.333965301513672,0.20353707671165466
307,CALB,1.4896819591522217,1.4875223636627197,0.22708909213542938,2.1596360206604004,0.162742480635643
308,CALCE,0.2484593540430069,0.24634073674678802,0.22704237699508667,2.11861252784729,0.16979451477527618
309,HNEI,1.032061219215393,1.0301440954208374,0.22699490189552307,1.9170722961425781,0.18288534879684448
310,ISU_ILCC,1.1877310276031494,1.1856080293655396,0.2269427478313446,2.1229591369628906,0.16131746768951416
311,MATR,0.918630063533783,0.9164013266563416,0.2268880307674408,2.22874116897583,0.17977337539196014
312,MICH,0.39269575476646423,0.39083030819892883,0.22683066129684448,1.865436315536499,0.21459636092185974
313,MICH_EXP,1.0357086658477783,1.033798336982727,0.22677016258239746,1.910293698310852,0.1993657797574997
314,NA-ion,1.5209228992462158,1.51901113986969,0.2267117202281952,1.9118003845214844,0.18135572969913483
315,RWTH,0.37217098474502563,0.3700622022151947,0.22664949297904968,2.108778238296509,0.17907820641994476
316,SDU,0.7903720140457153,0.7880593538284302,0.22659137845039368,2.312636375427246,0.17474399507045746
317,SNL,1.8591539859771729,1.856776475906372,0.22652579843997955,2.377540349960327,0.1481592208147049
318,Stanford,0.29983144998550415,0.29775118827819824,0.22646282613277435,2.080251693725586,0.1933542639017105
319,Stanford_2,0.6998004913330078,0.697729766368866,0.22640372812747955,2.07073712348938,0.20638898015022278
320,Tongji,0.4347701072692871,0.4327888488769531,0.22634686529636383,1.9812638759613037,0.20961466431617737
321,UL_PUR,1.0280160903930664,1.0261056423187256,0.22628706693649292,1.9104379415512085,0.20281656086444855
322,XJTU,0.4134658873081207,0.41157102584838867,0.2262275218963623,1.8948471546173096,0.20242995023727417
323,ZN-coin,1.5110864639282227,1.5084012746810913,0.22617751359939575,2.685135841369629,0.10847779363393784
324,CALB,1.722034215927124,1.7199535369873047,0.2261287122964859,2.080705165863037,0.20056064426898956
325,CALCE,0.25970643758773804,0.2576446831226349,0.22607973217964172,2.0617456436157227,0.18408013880252838
326,HNEI,0.9752602577209473,0.9733057618141174,0.22602882981300354,1.9545156955718994,0.21054722368717194
327,ISU_ILCC,1.5584667921066284,1.5564205646514893,0.22598016262054443,2.0462770462036133,0.18899880349636078
328,MATR,1.2339646816253662,1.2316755056381226,0.22594067454338074,2.2891685962677,0.14135083556175232
329,MICH,0.23913471400737762,0.23724527657032013,0.22589975595474243,1.8894397020339966,0.22510920464992523
330,MICH_EXP,1.2305121421813965,1.228633999824524,0.22585788369178772,1.8781063556671143,0.22700214385986328
331,NA-ion,1.5376126766204834,1.5357249975204468,0.2258141040802002,1.8876516819000244,0.20124639570713043
332,RWTH,0.26249709725379944,0.26041704416275024,0.22576579451560974,2.080061197280884,0.1857655942440033
333,SDU,0.5138965845108032,0.5116106867790222,0.22572793066501617,2.2859156131744385,0.15734551846981049
334,SNL,3.196545124053955,3.194387674331665,0.22568553686141968,2.1575145721435547,0.16861183941364288
335,Stanford,0.12332914769649506,0.12119898200035095,0.2256435602903366,2.130164861679077,0.19632980227470398
336,Stanford_2,0.8954895734786987,0.8933736085891724,0.2255954146385193,2.115962505340576,0.19670124351978302
337,Tongji,0.7108399868011475,0.7088873982429504,0.22554749250411987,1.9526126384735107,0.21462026238441467
338,UL_PUR,1.4432263374328613,1.4412790536880493,0.22549079358577728,1.9473342895507812,0.19356681406497955
339,XJTU,0.39759695529937744,0.39571526646614075,0.22543607652187347,1.8816876411437988,0.20000919699668884
340,ZN-coin,1.5025248527526855,1.4999923706054688,0.22540588676929474,2.53252911567688,0.16847580671310425
341,CALB,1.8327505588531494,1.8306388854980469,0.22536391019821167,2.1116671562194824,0.1641799360513687
342,CALCE,0.18833494186401367,0.18621757626533508,0.2253219038248062,2.117367744445801,0.1784060150384903
343,HNEI,0.9544260501861572,0.9525132775306702,0.2252787947654724,1.9127997159957886,0.18964438140392303
344,ISU_ILCC,2.2509865760803223,2.2489073276519775,0.2252325564622879,2.079209327697754,0.17843908071517944
345,MATR,0.7723171710968018,0.770171582698822,0.22517135739326477,2.1456079483032227,0.19095978140830994
346,MICH,0.32019901275634766,0.3183145821094513,0.22511039674282074,1.8844375610351562,0.21422170102596283
347,MICH_EXP,1.18719482421875,1.185292363166809,0.22505417466163635,1.902504324913025,0.2102174460887909
348,NA-ion,1.4249812364578247,1.4230557680130005,0.22499769926071167,1.9254428148269653,0.18670356273651123
349,RWTH,0.4172968864440918,0.4152526259422302,0.22492647171020508,2.04425048828125,0.22670789062976837
350,SDU,0.5725783109664917,0.5700715184211731,0.2248551994562149,2.5067787170410156,0.13673996925354004
351,SNL,2.7284021377563477,2.7261006832122803,0.22477257251739502,2.3014726638793945,0.1634264886379242
352,Stanford,0.3426845669746399,0.3406994342803955,0.22469502687454224,1.9851460456848145,0.25189217925071716
353,Stanford_2,1.1197599172592163,1.1177512407302856,0.22462216019630432,2.0087201595306396,0.24217256903648376
354,Tongji,0.7579708099365234,0.7559561729431152,0.22455155849456787,2.014613628387451,0.1926177442073822
355,UL_PUR,1.7691015005111694,1.7671992778778076,0.22448042035102844,1.9022209644317627,0.19772693514823914
356,XJTU,0.5852864980697632,0.5833602547645569,0.22441039979457855,1.9262239933013916,0.19633780419826508
357,ZN-coin,1.6433680057525635,1.6406941413879395,0.22434952855110168,2.6738429069519043,0.10842867940664291
358,CALB,1.937658429145813,1.935580849647522,0.22429291903972626,2.077557325363159,0.19961218535900116
359,CALCE,0.4934280514717102,0.4913802444934845,0.22423936426639557,2.0478157997131348,0.1978604644536972
360,HNEI,0.7518069744110107,0.7497929930686951,0.22418442368507385,2.0139524936676025,0.18881310522556305
361,ISU_ILCC,1.4684338569641113,1.4664229154586792,0.22412988543510437,2.010986328125,0.19371099770069122
362,MATR,0.763064980506897,0.7607932090759277,0.22406764328479767,2.271775007247925,0.1568584144115448
363,MICH,0.19036316871643066,0.18848249316215515,0.22400839626789093,1.8806722164154053,0.2378450334072113
364,MICH_EXP,1.245416522026062,1.243534803390503,0.2239498496055603,1.8816622495651245,0.2251824587583542
365,NA-ion,1.841341495513916,1.839438557624817,0.2238927185535431,1.9029393196105957,0.19375544786453247
366,RWTH,0.2967991232872009,0.2946886420249939,0.22382619976997375,2.1104865074157715,0.18086731433868408
367,SDU,0.6296979188919067,0.6274863481521606,0.22376748919487,2.211561679840088,0.17186781764030457
368,SNL,2.311631202697754,2.3093154430389404,0.22370360791683197,2.315828323364258,0.20177875459194183
369,Stanford,0.34214943647384644,0.34008631110191345,0.22364065051078796,2.0631299018859863,0.19715824723243713
370,Stanford_2,0.778694212436676,0.7766381502151489,0.22357966005802155,2.0560905933380127,0.20116280019283295
371,Tongji,0.3444984555244446,0.34254273772239685,0.2235221564769745,1.9557198286056519,0.2049112766981125
372,UL_PUR,1.0986056327819824,1.0966733694076538,0.22346100211143494,1.9322141408920288,0.2054573893547058
373,XJTU,0.25673940777778625,0.254879355430603,0.22340145707130432,1.8600549697875977,0.21066217124462128
374,ZN-coin,1.7285937070846558,1.7261841297149658,0.2233574390411377,2.4096267223358154,0.1963016390800476
375,CALB,1.4865437746047974,1.484415888786316,0.22331780195236206,2.127849578857422,0.16917605698108673
376,CALCE,0.19165384769439697,0.18957114219665527,0.22327850759029388,2.082700252532959,0.18413758277893066
377,HNEI,0.7841283082962036,0.7822211980819702,0.22324077785015106,1.907091498374939,0.21037933230400085
378,ISU_ILCC,0.5030595064163208,0.5009532570838928,0.22320298850536346,2.1062541007995605,0.16668881475925446
379,MATR,1.0653852224349976,1.0631612539291382,0.22315692901611328,2.2239270210266113,0.15657132863998413
380,MICH,0.25548237562179565,0.25364115834236145,0.22311225533485413,1.841219186782837,0.24481017887592316
381,MICH_EXP,0.9772356748580933,0.975378155708313,0.223068505525589,1.8575178384780884,0.23311790823936462
382,NA-ion,1.6099826097488403,1.6080856323242188,0.2230244129896164,1.896918773651123,0.21423698961734772
383,RWTH,0.3898073434829712,0.38768061995506287,0.22297555208206177,2.1267285346984863,0.197435662150383
384,SDU,0.6863718032836914,0.6841769814491272,0.22293198108673096,2.1948418617248535,0.1851789653301239
385,SNL,1.1369447708129883,1.1347217559814453,0.22288931906223297,2.223029613494873,0.17980092763900757
386,Stanford,0.26941582560539246,0.2673276960849762,0.2228434979915619,2.0881400108337402,0.21105612814426422
387,Stanford_2,0.6930280923843384,0.6909490823745728,0.22279836237430573,2.079010486602783,0.2082729935646057
388,Tongji,0.4093991219997406,0.4074097275733948,0.22275662422180176,1.9893969297409058,0.22085897624492645
389,UL_PUR,1.1868319511413574,1.1849154233932495,0.22271199524402618,1.9165170192718506,0.20325306057929993
390,XJTU,0.6196092963218689,0.6177104115486145,0.22266767919063568,1.898899793624878,0.2028215378522873
391,ZN-coin,1.2630674839019775,1.2604128122329712,0.22263190150260925,2.654716730117798,0.12452328950166702
392,CALB,1.7858701944351196,1.7837769985198975,0.2225976139307022,2.0932106971740723,0.19755059480667114
393,CALCE,0.14165011048316956,0.13956867158412933,0.22255511581897736,2.0814316272735596,0.19394473731517792
394,HNEI,0.8182914853096008,0.8163166046142578,0.2225147783756256,1.9748896360397339,0.20830704271793365
395,ISU_ILCC,1.3385519981384277,1.3364598751068115,0.22246938943862915,2.0921294689178467,0.18817603588104248
396,MATR,0.4769623577594757,0.47480279207229614,0.22241950035095215,2.1595563888549805,0.1961221694946289
397,MICH,0.28897207975387573,0.2871122658252716,0.22236937284469604,1.8598103523254395,0.23282894492149353
398,MICH_EXP,0.958915114402771,0.9570419192314148,0.22232162952423096,1.8732234239578247,0.23090682923793793
399,NA-ion,1.3399443626403809,1.337975263595581,0.22227463126182556,1.969071388244629,0.19394366443157196
400,RWTH,0.29279088973999023,0.2906569838523865,0.22220923006534576,2.1339125633239746,0.19314326345920563
401,SDU,0.8423839211463928,0.8399567604064941,0.22214101254940033,2.427151918411255,0.15099002420902252
402,SNL,0.6202448606491089,0.6178472638130188,0.2220950871706009,2.3975796699523926,0.18346059322357178
403,Stanford,0.14951181411743164,0.14732839167118073,0.2220572978258133,2.1834235191345215,0.20779982209205627
404,Stanford_2,0.3513708710670471,0.34922710061073303,0.22200939059257507,2.143758773803711,0.21424949169158936
405,Tongji,0.5477616190910339,0.5453986525535583,0.22195841372013092,2.362993001937866,0.17313262820243835
406,UL_PUR,1.3542075157165527,1.352187156677246,0.22190797328948975,2.0203094482421875,0.20427891612052917
407,XJTU,0.3887328803539276,0.38662517070770264,0.22185799479484558,2.107697010040283,0.17942757904529572
408,ZN-coin,1.2250728607177734,1.2223541736602783,0.22181536257266998,2.7187070846557617,0.09898029267787933
409,CALB,1.4722135066986084,1.469926357269287,0.22177062928676605,2.2871367931365967,0.2094809114933014
410,CALCE,0.2331833690404892,0.23082412779331207,0.22172637283802032,2.359236717224121,0.18857118487358093
411,HNEI,0.740493893623352,0.7383014559745789,0.22168070077896118,2.1924519538879395,0.17368189990520477
412,ISU_ILCC,2.1401407718658447,2.138082504272461,0.22163768112659454,2.0583250522613525,0.2460380494594574
413,MATR,0.7086046934127808,0.706053614616394,0.22158849239349365,2.5510754585266113,0.14512449502944946
414,MICH,0.1445157378911972,0.14244823157787323,0.2215404212474823,2.067504405975342,0.21362456679344177
415,MICH_EXP,1.2086801528930664,1.2066489458084106,0.22149242460727692,2.0312318801879883,0.19713498651981354
416,NA-ion,1.1514630317687988,1.1494791507720947,0.2214464247226715,1.9838674068450928,0.1879429668188095
417,RWTH,0.40486210584640503,0.4027668833732605,0.2214021235704422,2.095217704772949,0.18197156488895416
418,SDU,0.5475651025772095,0.5452237725257874,0.2213612198829651,2.341322183609009,0.17362931370735168
419,SNL,1.8499083518981934,1.8475185632705688,0.22131972014904022,2.389749050140381,0.20977312326431274
420,Stanford,0.19362254440784454,0.1915004551410675,0.22127790749073029,2.1220922470092773,0.19700703024864197
421,Stanford_2,0.843767523765564,0.8416761755943298,0.22123633325099945,2.0913467407226562,0.22432057559490204
422,Tongji,0.5139594674110413,0.51194167137146,0.22119371592998505,2.0177974700927734,0.2423221617937088
423,UL_PUR,1.2661006450653076,1.263971209526062,0.2211463898420334,2.1294748783111572,0.22366195917129517
424,XJTU,0.34937331080436707,0.3474102020263672,0.221098393201828,1.9631218910217285,0.21108926832675934
425,ZN-coin,1.4740586280822754,1.4713406562805176,0.2210555076599121,2.7180027961730957,0.1119585633277893
426,CALB,2.027029514312744,2.024941921234131,0.22101229429244995,2.0876364707946777,0.20480424165725708
427,CALCE,0.22724172472953796,0.22507554292678833,0.22097140550613403,2.166187047958374,0.19569431245326996
428,HNEI,0.6811357140541077,0.6791425943374634,0.22093118727207184,1.9931468963623047,0.18649354577064514
429,ISU_ILCC,1.0776431560516357,1.0755418539047241,0.22089387476444244,2.1012954711914062,0.1935432255268097
430,MATR,0.7147345542907715,0.7125528454780579,0.22085751593112946,2.1816835403442383,0.17155003547668457
431,MICH,0.1793142706155777,0.17742468416690826,0.22082073986530304,1.8895834684371948,0.25261619687080383
432,MICH_EXP,0.7699311971664429,0.7680601477622986,0.22078490257263184,1.871049404144287,0.25769808888435364
433,NA-ion,1.602603793144226,1.6007076501846313,0.22075052559375763,1.8961200714111328,0.2183738499879837
434,RWTH,0.293565571308136,0.2914547026157379,0.2207217812538147,2.110873222351074,0.17763900756835938
435,SDU,0.29988545179367065,0.2976819574832916,0.22069798409938812,2.2034811973571777,0.18693746626377106
436,SNL,2.803135395050049,2.800870418548584,0.2206754833459854,2.2650318145751953,0.19457677006721497
437,Stanford,0.2603549361228943,0.25823158025741577,0.22065268456935883,2.123363494873047,0.19907955825328827
438,Stanford_2,0.49500903487205505,0.4928923547267914,0.22062787413597107,2.1166653633117676,0.18111255764961243
439,Tongji,1.0429552793502808,1.0407098531723022,0.22059661149978638,2.2453718185424805,0.24286234378814697
440,UL_PUR,1.1180509328842163,1.1161731481552124,0.22056283056735992,1.877791166305542,0.23549476265907288
441,XJTU,0.5444031953811646,0.5424922704696655,0.22052781283855438,1.9109514951705933,0.21744394302368164
442,ZN-coin,1.4054681062698364,1.4027705192565918,0.22049719095230103,2.6975345611572266,0.1049673780798912
443,CALB,1.6010911464691162,1.59902024269104,0.22046655416488647,2.070871353149414,0.2298910915851593
444,CALCE,0.20564398169517517,0.20355170965194702,0.22043542563915253,2.092268466949463,0.1861754059791565
445,HNEI,0.8274379968643188,0.8255000710487366,0.2204052209854126,1.9379048347473145,0.20402219891548157
446,ISU_ILCC,1.9173556566238403,1.9152419567108154,0.22037282586097717,2.1136858463287354,0.17112301290035248
447,MATR,1.3531831502914429,1.3510431051254272,0.22033151984214783,2.140061616897583,0.16708001494407654
448,MICH,0.15122956037521362,0.14939434826374054,0.22029277682304382,1.835204839706421,0.2523747384548187
449,MICH_EXP,0.9929030537605286,0.9910649657249451,0.22025617957115173,1.8380805253982544,0.24130235612392426
450,NA-ion,1.2640072107315063,1.262135624885559,0.22022287547588348,1.8716005086898804,0.21257230639457703
451,RWTH,0.32846444845199585,0.32632744312286377,0.22018621861934662,2.136997938156128,0.1864357888698578
452,SDU,0.5566558241844177,0.5543662905693054,0.2201487272977829,2.2895326614379883,0.1802894026041031
453,SNL,1.2049214839935303,1.2026721239089966,0.2201121300458908,2.2493090629577637,0.21218349039554596
454,Stanford,0.28225409984588623,0.280171275138855,0.22006985545158386,2.082813262939453,0.23350101709365845
455,Stanford_2,0.7536587715148926,0.7516060471534729,0.22002950310707092,2.0527148246765137,0.20688128471374512
456,Tongji,0.31080248951911926,0.3087892532348633,0.21998895704746246,2.0132336616516113,0.20777814090251923
457,UL_PUR,1.1858034133911133,1.1839194297790527,0.21994735300540924,1.8840177059173584,0.2342800796031952
458,XJTU,0.580242931842804,0.5783820152282715,0.21990610659122467,1.8609462976455688,0.2094196230173111
459,ZN-coin,1.1214205026626587,1.1190392971038818,0.21987749636173248,2.381181240081787,0.23688653111457825
460,CALB,1.7599095106124878,1.757822036743164,0.21984964609146118,2.087512731552124,0.2263631671667099
461,CALCE,0.07007445394992828,0.06798557937145233,0.2198219746351242,2.088874340057373,0.21023547649383545
462,HNEI,0.8906513452529907,0.8887324333190918,0.2197967916727066,1.918910026550293,0.20252342522144318
463,ISU_ILCC,2.538952589035034,2.5368974208831787,0.21976670622825623,2.055147647857666,0.19807593524456024
464,MATR,0.9047096967697144,0.9025793075561523,0.21973419189453125,2.130382537841797,0.23934754729270935
465,MICH,0.33241528272628784,0.33064016699790955,0.21970032155513763,1.775115966796875,0.27207955718040466
466,MICH_EXP,1.1166679859161377,1.114836573600769,0.21966759860515594,1.8313943147659302,0.2520897090435028
467,NA-ion,1.6921530961990356,1.6902892589569092,0.21963711082935333,1.8638797998428345,0.22106832265853882
468,RWTH,0.3773079514503479,0.3751755952835083,0.219591423869133,2.132343053817749,0.20364341139793396
469,SDU,0.4320772588253021,0.42974525690078735,0.2195531278848648,2.3320088386535645,0.17590299248695374
470,SNL,2.6607582569122314,2.6582159996032715,0.21950548887252808,2.542332649230957,0.17546707391738892
471,Stanford,0.27925366163253784,0.27713578939437866,0.2194596529006958,2.1178715229034424,0.298796147108078
472,Stanford_2,0.753973662853241,0.751900315284729,0.2194177657365799,2.0733494758605957,0.22614790499210358
473,Tongji,0.6613304615020752,0.6593222618103027,0.21937622129917145,2.008216142654419,0.2721231281757355
474,UL_PUR,1.092151165008545,1.0902448892593384,0.2193339318037033,1.9063023328781128,0.2249385416507721
475,XJTU,0.744765043258667,0.7429291605949402,0.21929214894771576,1.8358752727508545,0.22657594084739685
476,ZN-coin,1.5563392639160156,1.553911805152893,0.21925413608551025,2.4274749755859375,0.23088164627552032
477,CALB,1.5121697187423706,1.5100799798965454,0.21922248601913452,2.0897059440612793,0.2115945816040039
478,CALCE,0.5096871852874756,0.5076056718826294,0.21918724477291107,2.0814998149871826,0.1995399445295334
479,HNEI,0.8206290602684021,0.8187340497970581,0.21915529668331146,1.8949828147888184,0.2230100780725479
480,ISU_ILCC,3.6745247840881348,3.6724188327789307,0.21911956369876862,2.105903148651123,0.18743838369846344
481,MATR,1.0014523267745972,0.9993164539337158,0.21907764673233032,2.1358442306518555,0.19157123565673828
482,MICH,0.2057608664035797,0.203962504863739,0.21903826296329498,1.7983675003051758,0.26519715785980225
483,MICH_EXP,1.1363943815231323,1.1346449851989746,0.21900120377540588,1.7494392395019531,0.2666022777557373
484,NA-ion,1.514241337776184,1.5123846530914307,0.2189672440290451,1.8567304611206055,0.2180338054895401
485,RWTH,0.3281576633453369,0.32603681087493896,0.2189236581325531,2.1208505630493164,0.20701831579208374
486,SDU,0.6322293281555176,0.6300310492515564,0.21888013184070587,2.198303461074829,0.19199112057685852
487,SNL,1.68868088722229,1.6863428354263306,0.21883566677570343,2.3380160331726074,0.1885073333978653
488,Stanford,0.18215107917785645,0.1800617277622223,0.21879033744335175,2.089350700378418,0.20373846590518951
489,Stanford_2,0.5041049718856812,0.5020522475242615,0.21874268352985382,2.052741050720215,0.2136610746383667
490,Tongji,0.42202889919281006,0.4199792146682739,0.2186928540468216,2.049673080444336,0.2365783452987671
491,UL_PUR,1.0709500312805176,1.0690803527832031,0.21864552795886993,1.8696417808532715,0.23228102922439575
492,XJTU,0.6357284784317017,0.6338461637496948,0.21860025823116302,1.8823003768920898,0.21267743408679962
493,ZN-coin,1.3005603551864624,1.2978776693344116,0.21855732798576355,2.6826698780059814,0.11325141042470932
494,CALB,1.8298496007919312,1.8277721405029297,0.21851810812950134,2.077450752258301,0.21036630868911743
495,CALCE,0.31898677349090576,0.3167162835597992,0.21847830712795258,2.270491600036621,0.19549253582954407
496,HNEI,0.8611217737197876,0.8591678738594055,0.2184407263994217,1.9538955688476562,0.2097610980272293
497,ISU_ILCC,1.157984733581543,1.1559470891952515,0.21840614080429077,2.037623643875122,0.2214834988117218
498,MATR,0.8165711760520935,0.8144487738609314,0.21836456656455994,2.1223902702331543,0.209163099527359
499,MICH,0.1476742923259735,0.14580218493938446,0.21832600235939026,1.8721085786819458,0.23997345566749573
500,MICH_EXP,0.7326196432113647,0.7307241559028625,0.21829044818878174,1.8954639434814453,0.22594425082206726
501,NA-ion,1.617258906364441,1.615363597869873,0.21825698018074036,1.8953124284744263,0.21709541976451874
502,RWTH,0.3705662488937378,0.36851629614830017,0.2182159274816513,2.0499515533447266,0.25219470262527466
503,SDU,0.8238933086395264,0.8216069936752319,0.21817441284656525,2.286341667175293,0.19121062755584717
504,SNL,4.5514984130859375,4.548912048339844,0.21812832355499268,2.5864808559417725,0.16435310244560242
505,Stanford,0.23361968994140625,0.23165100812911987,0.21808074414730072,1.968678593635559,0.2965661883354187
506,Stanford_2,0.7490881681442261,0.7470628619194031,0.21803177893161774,2.025284767150879,0.2495235651731491
507,Tongji,0.6732158660888672,0.6711910963058472,0.2179853469133377,2.024773597717285,0.22645381093025208
508,UL_PUR,1.236708164215088,1.2348159551620483,0.21794146299362183,1.8921501636505127,0.24454951286315918
509,XJTU,0.5031834840774536,0.5013510584831238,0.21790039539337158,1.8323979377746582,0.22649738192558289
510,ZN-coin,1.298737645149231,1.2960838079452515,0.21786555647850037,2.653801441192627,0.1235189288854599
511,CALB,1.8877454996109009,1.8857038021087646,0.217835932970047,2.0417566299438477,0.27986934781074524
512,CALCE,0.2309861183166504,0.2289329171180725,0.21780866384506226,2.0531978607177734,0.2154468148946762
513,HNEI,0.7524799704551697,0.7505693435668945,0.217781201004982,1.9106357097625732,0.24588733911514282
514,ISU_ILCC,1.1094236373901367,1.1073416471481323,0.21775425970554352,2.08196759223938,0.18971969187259674
515,MATR,0.6638727188110352,0.66170334815979,0.2177201509475708,2.1693429946899414,0.16717831790447235
516,MICH,0.10189506411552429,0.1000460535287857,0.21768881380558014,1.849014163017273,0.24270345270633698
517,MICH_EXP,0.8747891783714294,0.8729556798934937,0.2176610827445984,1.8334834575653076,0.2509644031524658
518,NA-ion,1.4597734212875366,1.4578850269317627,0.21763524413108826,1.8883750438690186,0.2190891057252884
519,RWTH,0.3145116865634918,0.3124324381351471,0.2176034301519394,2.0792531967163086,0.1820971816778183
520,SDU,0.3837149143218994,0.38147807121276855,0.21757078170776367,2.2368388175964355,0.1730455756187439
521,SNL,1.2720353603363037,1.2698817253112793,0.2175387740135193,2.153623342514038,0.19027844071388245
522,Stanford,0.31562334299087524,0.3135692775249481,0.217507004737854,2.054067850112915,0.20388875901699066
523,Stanford_2,0.5194764137268066,0.5174075365066528,0.21747343242168427,2.0688648223876953,0.19562189280986786
524,Tongji,0.8174557685852051,0.815379798412323,0.21744176745414734,2.0759921073913574,0.27424871921539307
525,UL_PUR,0.790738046169281,0.7888166904449463,0.21741057932376862,1.9213814735412598,0.22392216324806213
526,XJTU,0.6922249794006348,0.690332293510437,0.21738116443157196,1.8926897048950195,0.21586309373378754
527,ZN-coin,1.401663064956665,1.3992260694503784,0.2173539400100708,2.436941623687744,0.15262636542320251
528,CALB,1.4264769554138184,1.4244163036346436,0.2173338085412979,2.0606019496917725,0.22804202139377594
529,CALCE,0.15277990698814392,0.1506606936454773,0.2173135131597519,2.119215726852417,0.20533987879753113
530,HNEI,0.7710341215133667,0.7689990997314453,0.21729297935962677,2.0350353717803955,0.20339122414588928
531,ISU_ILCC,3.174787998199463,3.1728036403656006,0.21727268397808075,1.9844632148742676,0.2726120054721832
532,MATR,0.3948513865470886,0.3924105167388916,0.21724489331245422,2.4408767223358154,0.18754009902477264
533,MICH,0.10034845024347305,0.09841283410787582,0.2172190546989441,1.9356180429458618,0.22930870950222015
534,MICH_EXP,1.1654117107391357,1.1634726524353027,0.21719467639923096,1.9390983581542969,0.21113760769367218
535,NA-ion,1.5513710975646973,1.549414873123169,0.21717138588428497,1.9561927318572998,0.20594243705272675
536,RWTH,0.3399490714073181,0.3378097116947174,0.21714235842227936,2.139371871948242,0.22247904539108276
537,SDU,0.6868678331375122,0.6846632361412048,0.217108815908432,2.2046265602111816,0.23942714929580688
538,SNL,3.2208588123321533,3.2183122634887695,0.21707776188850403,2.5464296340942383,0.18547098338603973
539,Stanford,0.2376503348350525,0.23559187352657318,0.21704335510730743,2.058462619781494,0.3330855667591095
540,Stanford_2,0.6931116580963135,0.6911913752555847,0.21700258553028107,1.9202687740325928,0.3087497353553772
541,Tongji,0.42911505699157715,0.42700302600860596,0.21695874631404877,2.1120336055755615,0.23491989076137543
542,UL_PUR,0.7868470549583435,0.7849208116531372,0.21691669523715973,1.926218032836914,0.21915018558502197
543,XJTU,0.356205016374588,0.35431748628616333,0.21687813103199005,1.8875346183776855,0.21333211660385132
544,ZN-coin,1.2034112215042114,1.2008533477783203,0.21684317290782928,2.5578250885009766,0.1438043713569641
545,CALB,1.2752550840377808,1.2732489109039307,0.21680934727191925,2.006216526031494,0.23525607585906982
546,CALCE,0.25511854887008667,0.2527517080307007,0.21677353978157043,2.366849422454834,0.17804600298404694
547,HNEI,0.9015167355537415,0.8996118903160095,0.21674031019210815,1.9048539400100708,0.21741023659706116
548,ISU_ILCC,1.6006497144699097,1.598629117012024,0.2167060822248459,2.020639419555664,0.25869128108024597
549,MATR,0.42033979296684265,0.41820278763771057,0.21666911244392395,2.1370134353637695,0.24665452539920807
550,MICH,0.13552939891815186,0.1336943805217743,0.21663545072078705,1.8350231647491455,0.24951884150505066
551,MICH_EXP,0.8439492583274841,0.8420990705490112,0.2166045904159546,1.8501591682434082,0.22949661314487457
552,NA-ion,1.3154017925262451,1.3135813474655151,0.21657565236091614,1.8204306364059448,0.2308269888162613
553,RWTH,0.29786959290504456,0.29573705792427063,0.21654194593429565,2.132526397705078,0.26566770672798157
554,SDU,0.6004636883735657,0.5982339978218079,0.21651382744312286,2.2296924591064453,0.24364322423934937
555,SNL,2.1272308826446533,2.124910354614258,0.21648864448070526,2.32043719291687,0.23284965753555298
556,Stanford,0.21965166926383972,0.21766036748886108,0.21646462380886078,1.9913009405136108,0.3284347951412201
557,Stanford_2,0.6359513998031616,0.6339702606201172,0.21643894910812378,1.981109857559204,0.27336880564689636
558,Tongji,0.5202751159667969,0.5182045102119446,0.21641187369823456,2.0705997943878174,0.27852118015289307
559,UL_PUR,0.8603049516677856,0.8584029674530029,0.21638508141040802,1.9019604921340942,0.23483766615390778
560,XJTU,0.7106313705444336,0.7087860107421875,0.216360405087471,1.8453352451324463,0.21821874380111694
561,ZN-coin,1.5226068496704102,1.5200880765914917,0.21633483469486237,2.518782615661621,0.2273704707622528
562,CALB,1.9137191772460938,1.9117175340652466,0.2163091003894806,2.0016071796417236,0.2876325845718384
563,CALCE,0.024843981489539146,0.022477254271507263,0.2162845879793167,2.3667280673980713,0.15936629474163055
564,HNEI,0.8027685880661011,0.8008418083190918,0.21626055240631104,1.9267871379852295,0.2095789760351181
565,ISU_ILCC,2.292579174041748,2.290639638900757,0.21623164415359497,1.93953537940979,0.2819249629974365
566,MATR,0.5284157991409302,0.5262654423713684,0.21620318293571472,2.150386333465576,0.19368138909339905
567,MICH,0.24204643070697784,0.24017038941383362,0.21617671847343445,1.8760451078414917,0.23920348286628723
568,MICH_EXP,0.9912378191947937,0.9893844127655029,0.21615225076675415,1.8534122705459595,0.24134239554405212
569,NA-ion,1.2874995470046997,1.2856147289276123,0.21612955629825592,1.884812355041504,0.21112607419490814
570,RWTH,0.34046706557273865,0.3383728265762329,0.21610721945762634,2.0942394733428955,0.2569006681442261
571,SDU,0.7460148334503174,0.7435469627380371,0.21608257293701172,2.4678425788879395,0.18359386920928955
572,SNL,3.2881407737731934,3.2855546474456787,0.2160593420267105,2.5860161781311035,0.19947756826877594
573,Stanford,0.19780756533145905,0.1957484930753708,0.21603980660438538,2.0590786933898926,0.3369864225387573
574,Stanford_2,0.6081263422966003,0.6061530709266663,0.21601250767707825,1.9732747077941895,0.32117465138435364
575,Tongji,0.5201340913772583,0.5179673433303833,0.21598593890666962,2.1667346954345703,0.23371057212352753
576,UL_PUR,1.1848118305206299,1.1828420162200928,0.21596014499664307,1.9698587656021118,0.21457479894161224
577,XJTU,0.33076250553131104,0.32884731888771057,0.21593615412712097,1.9151755571365356,0.2080172747373581
578,ZN-coin,1.8676308393478394,1.8652209043502808,0.21591411530971527,2.4099764823913574,0.1520874947309494
579,CALB,1.9103074073791504,1.908247709274292,0.2158946692943573,2.059735059738159,0.2371237426996231
580,CALCE,0.31829357147216797,0.31582117080688477,0.21587595343589783,2.4724016189575195,0.14751075208187103
581,HNEI,0.8805170059204102,0.8785011172294617,0.2158578783273697,2.015903949737549,0.2133885771036148
582,ISU_ILCC,1.8676553964614868,1.8656855821609497,0.2158382683992386,1.9698457717895508,0.28575992584228516
583,MATR,0.7749698758125305,0.7727047801017761,0.21581381559371948,2.265068531036377,0.1768263876438141
584,MICH,0.29877769947052,0.29691043496131897,0.21579106152057648,1.8672624826431274,0.2528373599052429
585,MICH_EXP,0.8242896795272827,0.8224070072174072,0.21577055752277374,1.8826767206192017,0.24515168368816376
586,NA-ion,1.5076619386672974,1.5057159662246704,0.21575196087360382,1.9459168910980225,0.20418527722358704
587,RWTH,0.38207292556762695,0.3798845112323761,0.2157258540391922,2.188416004180908,0.2240390181541443
588,SDU,0.6541311740875244,0.6518995761871338,0.21569941937923431,2.231614112854004,0.22179564833641052
589,SNL,1.3168723583221436,1.3144711256027222,0.21567609906196594,2.401276111602783,0.2480008751153946
590,Stanford,0.27050459384918213,0.26835349202156067,0.21565206348896027,2.151092529296875,0.2657250165939331
591,Stanford_2,0.51093590259552,0.5090681314468384,0.2156238853931427,1.8677434921264648,0.3716374933719635
592,Tongji,0.6318255662918091,0.6295761466026306,0.21559789776802063,2.2493932247161865,0.21777211129665375
593,UL_PUR,1.1656410694122314,1.1637049913406372,0.2155735343694687,1.936051845550537,0.25020256638526917
594,XJTU,0.8931057453155518,0.8912012577056885,0.2155510038137436,1.9044585227966309,0.22793489694595337
595,ZN-coin,1.183389663696289,1.1809141635894775,0.21552841365337372,2.475508213043213,0.15242630243301392
596,CALB,1.5568034648895264,1.5549838542938232,0.21550647914409637,1.8196148872375488,0.3838873505592346
597,CALCE,0.16749677062034607,0.1654406040906906,0.21548692882061005,2.0561695098876953,0.3269420266151428
598,HNEI,0.8683630228042603,0.8663917183876038,0.2154688537120819,1.971285104751587,0.23850254714488983
599,ISU_ILCC,4.07624626159668,4.074383735656738,0.21545079350471497,1.8625483512878418,0.37586697936058044
600,MATR,0.4700928032398224,0.467960923910141,0.21543294191360474,2.131887435913086,0.3183692991733551
601,MICH,0.2639995515346527,0.2621535360813141,0.21541592478752136,1.8460285663604736,0.25754857063293457
602,MICH_EXP,0.7773693203926086,0.7754788398742676,0.21540027856826782,1.8904719352722168,0.2191445529460907
603,NA-ion,1.5594770908355713,1.5575602054595947,0.2153860330581665,1.9168781042099,0.20510457456111908
604,RWTH,0.3143237233161926,0.3122684359550476,0.21537652611732483,2.0552759170532227,0.349176287651062
605,SDU,1.1925349235534668,1.1902616024017334,0.21536462008953094,2.273313522338867,0.2735733389854431
606,SNL,0.2932600975036621,0.29088345170021057,0.2153540849685669,2.376643180847168,0.2666790187358856
607,Stanford,0.30920374393463135,0.30712392926216125,0.21534210443496704,2.0798115730285645,0.298153817653656
608,Stanford_2,0.8240785598754883,0.8222796320915222,0.21532940864562988,1.7989435195922852,0.3698575794696808
609,Tongji,1.224365234375,1.2220745086669922,0.21531793475151062,2.290679931640625,0.26324498653411865
610,UL_PUR,1.0864770412445068,1.0844779014587402,0.2153061181306839,1.9991075992584229,0.22686555981636047
611,XJTU,0.15446579456329346,0.15252628922462463,0.2152952253818512,1.9395049810409546,0.21724358201026917
612,ZN-coin,1.3690048456192017,1.3664942979812622,0.2152860164642334,2.5105350017547607,0.13215680420398712
613,CALB,1.5196244716644287,1.5176676511764526,0.21527691185474396,1.9568380117416382,0.24775330722332
614,CALCE,0.15799440443515778,0.15563815832138062,0.2152666300535202,2.356252908706665,0.18280428647994995
615,HNEI,0.8727743625640869,0.8708226084709167,0.21525689959526062,1.9517607688903809,0.22260744869709015
616,ISU_ILCC,2.0494542121887207,2.0475776195526123,0.2152436226606369,1.8765389919281006,0.3291322588920593
617,MATR,0.33788689970970154,0.3357156813144684,0.2152283936738968,2.1712114810943604,0.2836932837963104
618,MICH,0.13273896276950836,0.13090936839580536,0.2152147740125656,1.8295938968658447,0.25900188088417053
619,MICH_EXP,0.6835688948631287,0.6816824674606323,0.2152019739151001,1.8864004611968994,0.2453429102897644
620,NA-ion,1.3707600831985474,1.3688446283340454,0.2151900827884674,1.9154181480407715,0.21217404305934906
621,RWTH,0.4431154727935791,0.44086748361587524,0.21517816185951233,2.2479872703552246,0.19619721174240112
622,SDU,0.5118955373764038,0.5097256898880005,0.21516336500644684,2.169858455657959,0.24834027886390686
623,SNL,1.1318405866622925,1.1295125484466553,0.21515004336833954,2.3280086517333984,0.23167774081230164
624,Stanford,0.321086585521698,0.3188144564628601,0.215133935213089,2.2721383571624756,0.23732469975948334
625,Stanford_2,0.5908307433128357,0.5889476537704468,0.2151159793138504,1.8830931186676025,0.34845367074012756
626,Tongji,0.3579893410205841,0.3556889593601227,0.2150992602109909,2.300389528274536,0.2535431385040283
627,UL_PUR,0.8249180316925049,0.822973906993866,0.21508340537548065,1.944096326828003,0.2424168735742569
628,XJTU,0.3765035569667816,0.37457215785980225,0.21506868302822113,1.9314122200012207,0.21378742158412933
629,ZN-coin,1.7452287673950195,1.7427505254745483,0.2150539755821228,2.478233575820923,0.14508862793445587
630,CALB,1.8115477561950684,1.8095253705978394,0.21503911912441254,2.0223388671875,0.2357519567012787
631,CALCE,0.07529327273368835,0.07274599373340607,0.21502585709095,2.5472817420959473,0.1489134281873703
632,HNEI,0.791019082069397,0.7890164852142334,0.21501365303993225,2.0025675296783447,0.22166325151920319
633,ISU_ILCC,0.5194715261459351,0.5175390839576721,0.21500125527381897,1.9324342012405396,0.3123914897441864
634,MATR,1.6667358875274658,1.6644288301467896,0.21498432755470276,2.3071136474609375,0.21339151263237
635,MICH,0.27095818519592285,0.2691231966018677,0.2149689495563507,1.8349781036376953,0.26457738876342773
636,MICH_EXP,0.9415973424911499,0.9397077560424805,0.2149551957845688,1.8895684480667114,0.24317321181297302
637,NA-ion,1.4086079597473145,1.406699538230896,0.21494260430335999,1.9084677696228027,0.22214283049106598
638,RWTH,0.35433071851730347,0.3521449565887451,0.2149272859096527,2.185753345489502,0.1960948407649994
639,SDU,0.5157560706138611,0.5134775042533875,0.2149125635623932,2.2785441875457764,0.24809785187244415
640,SNL,2.321321487426758,2.3191182613372803,0.21490006148815155,2.2032032012939453,0.38051387667655945
641,Stanford,0.23333856463432312,0.2311706691980362,0.21488700807094574,2.167889356613159,0.2658208906650543
642,Stanford_2,0.7524770498275757,0.7505610585212708,0.214870885014534,1.91598641872406,0.3476666510105133
643,Tongji,0.17389792203903198,0.17172148823738098,0.21485505998134613,2.1764347553253174,0.23029492795467377
644,UL_PUR,1.057965636253357,1.0560508966445923,0.21484002470970154,1.9147684574127197,0.23987990617752075
645,XJTU,0.3683524429798126,0.3664242923259735,0.21482616662979126,1.9281530380249023,0.21592867374420166
646,ZN-coin,1.8465309143066406,1.8441319465637207,0.21481315791606903,2.3989806175231934,0.176234632730484
647,CALB,1.8982269763946533,1.8963156938552856,0.21479910612106323,1.9113081693649292,0.3273448348045349
648,CALCE,0.2664792239665985,0.26450061798095703,0.2147853523492813,1.9786121845245361,0.2389945387840271
649,HNEI,0.7342401742935181,0.7322397828102112,0.21477290987968445,2.000417947769165,0.21017201244831085
650,ISU_ILCC,1.5606390237808228,1.5586966276168823,0.21476012468338013,1.9423471689224243,0.30815693736076355
651,MATR,1.0580627918243408,1.0557725429534912,0.21474649012088776,2.29019832611084,0.24635393917560577
652,MICH,0.07280341535806656,0.07094360888004303,0.21473436057567596,1.8598072528839111,0.2519477903842926
653,MICH_EXP,0.6731135845184326,0.6712738275527954,0.2147233486175537,1.8397691249847412,0.24948589503765106
654,NA-ion,1.806886911392212,1.8049699068069458,0.21471337974071503,1.9169635772705078,0.20958149433135986
655,RWTH,0.3864051103591919,0.3842480182647705,0.2147020548582077,2.1570963859558105,0.2306954264640808
656,SDU,0.3718104064464569,0.3693992495536804,0.21469169855117798,2.4111461639404297,0.20328962802886963
657,SNL,1.3305903673171997,1.3281086683273315,0.2146812528371811,2.4816958904266357,0.23225067555904388
658,Stanford,0.3308897614479065,0.32867899537086487,0.21467123925685883,2.2107632160186768,0.3277886211872101
659,Stanford_2,0.5972099304199219,0.5954169034957886,0.214660182595253,1.7930381298065186,0.45485377311706543
660,Tongji,0.6493518352508545,0.6469873785972595,0.21465009450912476,2.3644707202911377,0.22373950481414795
661,UL_PUR,1.307206153869629,1.3052148818969727,0.2146405428647995,1.991226077079773,0.2245209664106369
662,XJTU,0.1085568219423294,0.10662080347537994,0.21463197469711304,1.9360170364379883,0.2137283831834793
663,ZN-coin,1.486511468887329,1.4840946197509766,0.21462427079677582,2.416860580444336,0.17982108891010284
664,CALB,1.366573452949524,1.3646738529205322,0.21461622416973114,1.8995764255523682,0.32345280051231384
665,CALCE,0.3032566010951996,0.30107954144477844,0.21460913121700287,2.1770710945129395,0.20604924857616425
666,HNEI,0.8506094813346863,0.848631739616394,0.2146024852991104,1.9777358770370483,0.22903649508953094
667,ISU_ILCC,2.2386226654052734,2.2367210388183594,0.21459528803825378,1.9016730785369873,0.3302820324897766
668,MATR,0.9762112498283386,0.9739258289337158,0.2145882397890091,2.2854349613189697,0.23851536214351654
669,MICH,0.3395223915576935,0.3376307785511017,0.21458156406879425,1.8916139602661133,0.2522154152393341
670,MICH_EXP,1.0822135210037231,1.080324411392212,0.21457533538341522,1.8891031742095947,0.23790773749351501
671,NA-ion,1.3552310466766357,1.3532819747924805,0.2145698070526123,1.9490412473678589,0.21449017524719238
672,RWTH,0.4526659846305847,0.4504575729370117,0.21456463634967804,2.208423137664795,0.1991008222103119
673,SDU,0.6807974576950073,0.6786695718765259,0.21455897390842438,2.1278865337371826,0.2880391478538513
674,SNL,3.336163282394409,3.3337409496307373,0.21455350518226624,2.4222686290740967,0.19553475081920624
675,Stanford,0.2916725277900696,0.289103627204895,0.21454845368862152,2.5689127445220947,0.2011733204126358
676,Stanford_2,0.731050968170166,0.7291714549064636,0.2145412713289261,1.879511833190918,0.3494594991207123
677,Tongji,0.6143984794616699,0.6121768951416016,0.21453343331813812,2.221571445465088,0.2209072709083557
678,UL_PUR,0.59234619140625,0.590375542640686,0.2145259827375412,1.970619797706604,0.2309243083000183
679,XJTU,0.4707619845867157,0.4688250422477722,0.21451924741268158,1.9369393587112427,0.2047009915113449
680,ZN-coin,1.456148624420166,1.4536863565444946,0.2145121693611145,2.462224245071411,0.16629646718502045
681,CALB,1.4744939804077148,1.47264564037323,0.21450486779212952,1.8483500480651855,0.35144203901290894
682,CALCE,0.10959966480731964,0.10721246898174286,0.21449775993824005,2.3871943950653076,0.1714566946029663
683,HNEI,0.8225135803222656,0.8204684853553772,0.21449120342731476,2.0451042652130127,0.19172541797161102
684,ISU_ILCC,2.5355024337768555,2.533607006072998,0.21448367834091187,1.8954176902770996,0.324385404586792
685,MATR,0.8442124128341675,0.8418340086936951,0.214476078748703,2.3784050941467285,0.17704452574253082
686,MICH,0.12752202153205872,0.12566721439361572,0.21446926891803741,1.8548123836517334,0.2529909908771515
687,MICH_EXP,0.9898844361305237,0.9880337715148926,0.21446305513381958,1.8506627082824707,0.25218725204467773
688,NA-ion,1.181015968322754,1.1791034936904907,0.2144576758146286,1.912433385848999,0.22293075919151306
689,RWTH,0.34227532148361206,0.3401179015636444,0.21445026993751526,2.1574292182922363,0.22531288862228394
690,SDU,0.9281684756278992,0.9258887767791748,0.2144436091184616,2.2796854972839355,0.24841882288455963
691,SNL,1.3149200677871704,1.3126198053359985,0.21443793177604675,2.3002424240112305,0.32484495639801025
692,Stanford,0.04765040799975395,0.045492175966501236,0.21443258225917816,2.158233642578125,0.2848222553730011
693,Stanford_2,0.7261791825294495,0.7242569327354431,0.214425727725029,1.9222345352172852,0.34710705280303955
694,Tongji,0.41776931285858154,0.41570982336997986,0.2144193798303604,2.059488534927368,0.23771029710769653
695,UL_PUR,0.85080885887146,0.8488591313362122,0.21441346406936646,1.9497308731079102,0.23410087823867798
696,XJTU,0.2427440583705902,0.24088436365127563,0.21440798044204712,1.8596880435943604,0.23113885521888733
697,ZN-coin,1.6562379598617554,1.6537501811981201,0.21440352499485016,2.4877657890319824,0.1321338564157486
698,CALB,1.4856102466583252,1.483672022819519,0.21439909934997559,1.9382655620574951,0.3591218590736389
699,CALCE,0.18539132177829742,0.1832045316696167,0.21439486742019653,2.186789035797119,0.23596492409706116
700,HNEI,0.7345492243766785,0.7325607538223267,0.21439090371131897,1.9884662628173828,0.23122115433216095
701,ISU_ILCC,1.032682180404663,1.0308024883270264,0.2143859714269638,1.87968111038208,0.3406495451927185
702,MATR,0.6488748788833618,0.6464806199073792,0.21438057720661163,2.394268274307251,0.19614319503307343
703,MICH,0.2487642467021942,0.24690286815166473,0.21437574923038483,1.861374855041504,0.2457214593887329
704,MICH_EXP,0.9308850765228271,0.9290379285812378,0.21437138319015503,1.8471204042434692,0.26807448267936707
705,NA-ion,1.799885869026184,1.7979716062545776,0.21436752378940582,1.9142131805419922,0.22758039832115173
706,RWTH,0.3118341565132141,0.30968958139419556,0.21436302363872528,2.144570827484131,0.23900677263736725
707,SDU,0.9153501987457275,0.9131597280502319,0.21435831487178802,2.1904714107513428,0.23643289506435394
708,SNL,0.29873037338256836,0.29631346464157104,0.21435415744781494,2.4168996810913086,0.22290152311325073
709,Stanford,0.19323040544986725,0.19099947810173035,0.21434995532035828,2.230922222137451,0.26357829570770264
710,Stanford_2,0.70940101146698,0.7075569033622742,0.21434545516967773,1.8440899848937988,0.3827377259731293
711,Tongji,0.4710994362831116,0.46902796626091003,0.21434123814105988,2.0714735984802246,0.20083965361118317
712,UL_PUR,0.7741527557373047,0.7721928954124451,0.2143373191356659,1.9598804712295532,0.25698938965797424
713,XJTU,0.23604494333267212,0.2341553419828415,0.2143336832523346,1.8895968198776245,0.2231093943119049
714,ZN-coin,1.5334244966506958,1.5309028625488281,0.21433046460151672,2.5216264724731445,0.1437550038099289
715,CALB,1.7589640617370605,1.757140874862671,0.21432669460773468,1.8232107162475586,0.37426701188087463
716,CALCE,0.30915042757987976,0.3067699670791626,0.21432311832904816,2.3804545402526855,0.18342849612236023
717,HNEI,0.7267060279846191,0.7247248291969299,0.2143198400735855,1.9811692237854004,0.23149707913398743
718,ISU_ILCC,1.5178523063659668,1.5159962177276611,0.21431614458560944,1.8560829162597656,0.33310621976852417
719,MATR,1.1366556882858276,1.1342917680740356,0.21431240439414978,2.363905668258667,0.19039785861968994
720,MICH,0.09447820484638214,0.09259618818759918,0.21430911123752594,1.8820173740386963,0.2501194179058075
721,MICH_EXP,0.7433809041976929,0.7414910197257996,0.21430616080760956,1.8898859024047852,0.2294994741678238
722,NA-ion,1.627207636833191,1.6252721548080444,0.21430352330207825,1.9355406761169434,0.2005419284105301
723,RWTH,0.23716099560260773,0.23497425019741058,0.2142997831106186,2.1867482662200928,0.2316490262746811
724,SDU,0.5129364728927612,0.5105979442596436,0.21429605782032013,2.3385114669799805,0.22761563956737518
725,SNL,2.2858333587646484,2.283423900604248,0.21429260075092316,2.409465789794922,0.30662867426872253
726,Stanford,0.30197566747665405,0.29975494742393494,0.21428939700126648,2.220714569091797,0.26118162274360657
727,Stanford_2,1.013000726699829,1.0110836029052734,0.21428649127483368,1.917156457901001,0.33251941204071045
728,Tongji,0.5901705026626587,0.5879238247871399,0.21428386867046356,2.2466647624969482,0.25361889600753784
729,UL_PUR,0.7581840753555298,0.7562295794487,0.21428139507770538,1.9544727802276611,0.22669942677021027
730,XJTU,0.10529178380966187,0.10336511582136154,0.2142792046070099,1.9266669750213623,0.20725370943546295
731,ZN-coin,1.6247498989105225,1.6223011016845703,0.21427719295024872,2.4488155841827393,0.16484639048576355
732,CALB,1.2819617986679077,1.2799453735351562,0.21427534520626068,2.0164737701416016,0.2843874394893646
733,CALCE,0.15800532698631287,0.1556117683649063,0.21427345275878906,2.3935632705688477,0.15400747954845428
734,HNEI,0.8620483875274658,0.8600582480430603,0.21427170932292938,1.9901305437088013,0.24223586916923523
735,ISU_ILCC,2.1388039588928223,2.1369223594665527,0.214269757270813,1.881696343421936,0.3786214590072632
736,MATR,0.7746493816375732,0.7723082304000854,0.21426795423030853,2.341125011444092,0.2715262174606323
737,MICH,0.07614988833665848,0.07426029443740845,0.2142663449048996,1.8895924091339111,0.24638016521930695
738,MICH_EXP,0.7429291605949402,0.7410474419593811,0.21426497399806976,1.8817062377929688,0.2435145080089569
739,NA-ion,1.3216779232025146,1.3197628259658813,0.21426372230052948,1.915041208267212,0.2213798314332962
740,RWTH,0.4339441657066345,0.4317338764667511,0.21426250040531158,2.21028995513916,0.2441817969083786
741,SDU,0.5433839559555054,0.5410578846931458,0.2142612785100937,2.326099395751953,0.2269142121076584
742,SNL,1.2535545825958252,1.2511447668075562,0.21426019072532654,2.409848213195801,0.27617019414901733
743,Stanford,0.2512894570827484,0.2490629255771637,0.21425916254520416,2.22652530670166,0.2835443913936615
744,Stanford_2,0.5156717300415039,0.5138728022575378,0.2142578512430191,1.7989407777786255,0.3974440097808838
745,Tongji,0.39833006262779236,0.3960997462272644,0.21425653994083405,2.23032808303833,0.23124077916145325
746,UL_PUR,0.9227085113525391,0.9207536578178406,0.21425533294677734,1.9548395872116089,0.25576043128967285
747,XJTU,0.16545316576957703,0.1635330766439438,0.21425428986549377,1.9200907945632935,0.20966775715351105
748,ZN-coin,1.8223109245300293,1.8198329210281372,0.21425335109233856,2.4779648780822754,0.15974484384059906
749,CALB,1.8340351581573486,1.8319603204727173,0.21425248682498932,2.0748672485351562,0.25769704580307007
750,CALCE,0.10489287972450256,0.10231392830610275,0.21425168216228485,2.578950881958008,0.14691904187202454
751,HNEI,0.8150157928466797,0.8130319118499756,0.21425095200538635,1.9838731288909912,0.24990716576576233
752,ISU_ILCC,0.7829043865203857,0.7810268998146057,0.21424993872642517,1.8774676322937012,0.28868067264556885
753,MATR,0.9633229374885559,0.9610188007354736,0.21424899995326996,2.3041505813598633,0.21918156743049622
754,MICH,0.12433307617902756,0.12245205789804459,0.2142481654882431,1.8810184001922607,0.25294074416160583
755,MICH_EXP,1.0352568626403809,1.033356785774231,0.2142474353313446,1.900019884109497,0.2369922250509262
756,NA-ion,1.4564300775527954,1.454494833946228,0.21424679458141327,1.9352359771728516,0.19995726644992828
757,RWTH,0.32713454961776733,0.3248388171195984,0.21424619853496552,2.295738697052002,0.18282921612262726
758,SDU,0.5014565587043762,0.49932363629341125,0.21424557268619537,2.1329331398010254,0.3052138686180115
759,SNL,2.435028076171875,2.4324774742126465,0.2142449915409088,2.5505995750427246,0.18856970965862274
760,Stanford,0.29238441586494446,0.29016274213790894,0.21424447000026703,2.2216780185699463,0.24384847283363342
761,Stanford_2,0.4920184910297394,0.49021440744400024,0.21424388885498047,1.804072380065918,0.4599698483943939
762,Tongji,0.7937296628952026,0.7916352152824402,0.21424336731433868,2.0944559574127197,0.2221803218126297
763,UL_PUR,0.9166885018348694,0.9147499203681946,0.2142428755760193,1.9385895729064941,0.2495623528957367
764,XJTU,0.23176467418670654,0.22985170781612396,0.21424244344234467,1.9129612445831299,0.214288592338562
765,ZN-coin,1.0781311988830566,1.0756776332855225,0.214242085814476,2.4535741806030273,0.15049603581428528
766,CALB,1.7965147495269775,1.7945165634155273,0.21424175798892975,1.9981322288513184,0.30001625418663025
767,CALCE,0.31064629554748535,0.3085257411003113,0.21424144506454468,2.120549201965332,0.27727118134498596
768,HNEI,0.6814596652984619,0.6794707179069519,0.2142411470413208,1.988948106765747,0.23026274144649506
769,ISU_ILCC,3.94461727142334,3.9428341388702393,0.21424084901809692,1.7831501960754395,0.40188679099082947
770,MATR,0.9913308024406433,0.9890233874320984,0.21424052119255066,2.307434320449829,0.22575455904006958
771,MICH,0.1213173121213913,0.11945308744907379,0.21424026787281036,1.8642268180847168,0.2547442615032196
772,MICH_EXP,0.9376422166824341,0.9357746839523315,0.21424002945423126,1.8675551414489746,0.24840252101421356
773,NA-ion,1.2264013290405273,1.2244842052459717,0.21423983573913574,1.9171754121780396,0.20850291848182678
774,RWTH,0.3149546980857849,0.31275302171707153,0.21423962712287903,2.201691150665283,0.2538435459136963
775,SDU,0.8819913268089294,0.8798153400421143,0.21423938870429993,2.175985813140869,0.27632689476013184
776,SNL,0.3134654760360718,0.3110019564628601,0.2142392098903656,2.463533401489258,0.2405851036310196
777,Stanford,0.3281507194042206,0.3258912265300751,0.21423903107643127,2.2594966888427734,0.296518474817276
778,Stanford_2,0.44634586572647095,0.4444928467273712,0.21423880755901337,1.8530291318893433,0.39689400792121887
779,Tongji,0.31852859258651733,0.31635919213294983,0.21423859894275665,2.1693899631500244,0.23637285828590393
780,UL_PUR,0.9448586702346802,0.9429129958152771,0.21423842012882233,1.9456707239151,0.243615061044693
781,XJTU,0.45954978466033936,0.4576267898082733,0.2142382562160492,1.9230049848556519,0.21175257861614227
782,ZN-coin,0.83046954870224,0.8280431628227234,0.21423812210559845,2.4263663291931152,0.14729644358158112
783,CALB,1.7401132583618164,1.7381062507629395,0.2142380177974701,2.007051706314087,0.2823576033115387
784,CALCE,0.37316960096359253,0.3708423376083374,0.21423791348934174,2.327275276184082,0.20554058253765106
785,HNEI,0.7832049131393433,0.7812010645866394,0.21423782408237457,2.003852128982544,0.23211480677127838
786,ISU_ILCC,2.868297815322876,2.866441011428833,0.2142377644777298,1.856792688369751,0.3827859163284302
787,MATR,0.9882175922393799,0.9859265685081482,0.21423767507076263,2.2910494804382324,0.1922009438276291
788,MICH,0.2034337818622589,0.20156125724315643,0.21423761546611786,1.8725179433822632,0.24990680813789368
789,MICH_EXP,1.0210540294647217,1.019199013710022,0.21423757076263428,1.8550448417663574,0.2369772493839264
790,NA-ion,1.2524393796920776,1.2505578994750977,0.2142375260591507,1.8814587593078613,0.22333256900310516
791,RWTH,0.40208953619003296,0.3998647630214691,0.21423746645450592,2.2247588634490967,0.19854912161827087
792,SDU,0.9507036209106445,0.9485065340995789,0.21423746645450592,2.197094678878784,0.26362261176109314
793,SNL,3.8626227378845215,3.8601465225219727,0.21423742175102234,2.4762158393859863,0.23397593200206757
794,Stanford,0.23535628616809845,0.23322997987270355,0.21423740684986115,2.1263091564178467,0.263601690530777
795,Stanford_2,0.5889555215835571,0.5871198773384094,0.21423739194869995,1.8356434106826782,0.4108445644378662
796,Tongji,0.21754571795463562,0.2152184098958969,0.21423739194869995,2.3273069858551025,0.23916518688201904
797,UL_PUR,0.49475571513175964,0.49281176924705505,0.21423739194869995,1.9439473152160645,0.22725935280323029
798,XJTU,0.7894018292427063,0.7874695062637329,0.21423739194869995,1.9323079586029053,0.21006950736045837
799,ZN-coin,1.4397557973861694,1.4372997283935547,0.21423739194869995,2.456054925918579,0.14869600534439087
800,CALB,1.8212580680847168,1.8192239999771118,0.21423739194869995,2.0340914726257324,0.3017881512641907
